Cullan,Sasser,4936211269799015
Oren,Worster,3570929853502163
Ariana,Ogelsby,676143554787552505
Dee,Grindell,3571291647251733
Cristin,Doogue,374288889406947
Jaclin,Scrine,3565532611806087
Guy,Giraudel,67612023418532108
Gene,Caves,3554608103332098
Monika,Doret,6762213868865784385
Shelton,Munkley,676307503949024020
Marcos,Grigsby,3579065940591249
Nevsa,Hardingham,3531150819722443
Gwendolyn,Sibbe,3559802661769933
Roshelle,Folbige,67060457594921502
Roxane,Macy,3534516910766249
Xenos,Ceeley,201586381138499
Donaugh,Jammes,5585500133035692
Drusy,Alpe,3555339197326809
Moshe,Kibble,3536396353644247
Blakeley,Yelland,5610254310542513
Bram,Pitrelli,3560212111982069
Timothy,Grzesiak,3536905058086296
Emmit,Tesh,5602235974457635
Otha,Meeke,6378348770528218
Judas,Schule,4508515371356102
Lonni,Brickett,677108926173575327
Dana,Saltmarshe,5602255027399394
Webb,Girard,201885913114311
Myer,Addington,6331102140711533
Casi,Newart,3557402263194572
Eirena,Huntington,3575694177522561
Donnie,Orsman,3548051257532859
Ninnette,Odcroft,3568477826460709
Jerrilyn,De Marchi,3556219664153671
Griffy,Hullock,3575094111329134
Graeme,Cardenoso,6383302134470412
Mehetabel,Slocom,4557632624174933
Cart,Shorey,201404876470031
Dede,Burgot,6333350755543854412
Jorrie,Danelut,3567411662127180
Luca,Farnan,491109289804890507
Emmalynne,Setch,3554622386568062
Felizio,Rigolle,3554266642981287
Zorina,Lahy,3586077419925478
Gisela,Grisenthwaite,5893886340521641
Frederica,Handley,3541795471280409
Rubi,Mation,3548139380436476
Reeva,Hanlin,3542944070034044
Rossy,Nieass,3541782529151980
Judye,Dripp,490376236136832614
Garreth,Dymick,560221735361140988
Howey,Breadmore,3578772177116795
Bellina,McKleod,201796144181674
Romonda,Chesterfield,4405324459707581
Alley,Leftridge,3551553667439165
Durward,Alonso,5587081606276780
Quinlan,Lendrem,5437775998399058
Marilin,Halms,4510645362056555
Peter,Sowrey,5602244680547072267
Noel,Rubinowicz,3584343101750711
Greta,Phetteplace,3567525450214189
Rik,Mumby,3587653910919605
Haydon,Hoofe,560223108695744677
Fredek,Duer,56022145496313650
Heather,Hefforde,201936754453480
Henriette,Macura,3552493640510791
See,Ottosen,5602218628752299622
Fanchon,Linton,5048373516670720
Cherida,Hulburt,5100177541455527
Jaquelin,Axcell,4508933394479456
Renado,Darnbrook,502039075565664317
Diarmid,Snellman,4639492445136
Wylma,Espadero,5018340966522336195
Gregoire,Love,5602215797054777
Sanderson,Burrells,3535334632127008
Luella,Wicken,63048777302746792
Friedrick,Reichert,3586648420523237
Constance,Eastridge,676735014390396992
Itch,Kurten,201620589583097
Zack,Mangeney,5010122983111724
Mercy,Dyster,3542330714677994
Ursula,Rodway,4017955074662360
Ethan,Addinall,3533040894126966
Kori,Bichard,5602259923992005
Clayton,Lintill,30124868800048
Duff,Cavan,6334315005797861
Charley,Muckersie,3555272510167073
Giacomo,Wishart,374622124850917
Camey,Maidlow,3569603731584296
Luciano,Emberton,3562032897101090
Loretta,Bryant,3530589912979536
Sile,Burnapp,3567316082851519
Bette-ann,Talton,4905713327587545774
Enrico,Mahood,6386006702818202
Farrand,Yuranovev,201501910992472
Minda,Enever,3576046674507414
Binky,Skune,3534261644007376
Maureene,Hamlett,4911858445263667622
Willey,Ungerer,3554738242514452
Brenden,Connechie,5538751398770527